{"(0, 1)": 21.375745601031092, "(0, 2)": 26.31947947813558, "(0, 3)": 29.26096033967443, "(0, 4)": 35.75, "(0, 5)": 17.786033846813627, "(0, 6)": 16.22350763552691, "(0, 7)": 35.63405674351434, "(0, 8)": 20.010784592314213, "(0, 9)": 16.297622526000534, "(0, 10)": 22.419627561580945, "(0, 11)": 24.666961709947174, "(0, 12)": 25.361131678219724, "(0, 13)": 20.328573486597627, "(0, 14)": 23.36602020028229, "(0, 15)": 28.80020138818477, "(0, 16)": 44.11706699226502, "(0, 17)": 38.22378448034679, "(0, 18)": 40.388961363223984, "(0, 19)": 26.703230141688852, "(0, 20)": 16.99748804970899, "(0, 21)": 21.183264620921864, "(0, 22)": 23.81857678367874, "(0, 23)": 24.352287366898413, "(1, 2)": 7.143843503325082, "(1, 3)": 11.410578425303424, "(1, 4)": 46.24889187861694, "(1, 5)": 32.871575867305175, "(1, 6)": 27.2139614903821, "(1, 7)": 47.87254432344285, "(1, 8)": 39.14625141696201, "(1, 9)": 36.72070260765717, "(1, 10)": 42.57742594380266, "(1, 11)": 45.25766785860712, "(1, 12)": 43.40719410420351, "(1, 13)": 38.16868349838648, "(1, 14)": 38.71134717366473, "(1, 15)": 45.71840001574858, "(1, 16)": 48.37261725397955, "(1, 17)": 38.505924219527564, "(1, 18)": 51.05845375645447, "(1, 19)": 36.20718160807328, "(1, 20)": 19.822010493388404, "(1, 21)": 23.76190648916875, "(1, 22)": 20.521259707922415, "(1, 23)": 27.025199351716168, "(2, 3)": 5.4643938364653035, "(2, 4)": 45.436136499486835, "(2, 5)": 35.615440471795374, "(2, 6)": 29.159540462771357, "(2, 7)": 47.790959396103354, "(2, 8)": 43.37030896823309, "(2, 9)": 40.36543199322906, "(2, 10)": 46.477845259865475, "(2, 11)": 49.23926075805769, "(2, 12)": 47.07278619329857, "(2, 13)": 41.62687713485123, "(2, 14)": 41.85511796662387, "(2, 15)": 47.826894107813445, "(2, 16)": 46.64076114301738, "(2, 17)": 36.58060825082054, "(2, 18)": 51.321307465808005, "(2, 19)": 35.8405147842494, "(2, 20)": 20.0550641983515, "(2, 21)": 23.954525668441025, "(2, 22)": 18.95394418056569, "(2, 23)": 25.754822849322803, "(3, 4)": 45.614047178473434, "(3, 5)": 35.981439659913555, "(3, 6)": 29.21424310161056, "(3, 7)": 47.26673883398345, "(3, 8)": 44.63578945196331, "(3, 9)": 42.50871557692611, "(3, 10)": 49.45351049217841, "(3, 11)": 50.86846174202636, "(3, 12)": 50.608983392279285, "(3, 13)": 44.98995999109135, "(3, 14)": 45.60945625635105, "(3, 15)": 50.3305612923202, "(3, 16)": 48.75354961436141, "(3, 17)": 39.234078299356035, "(3, 18)": 54.00552008822801, "(3, 19)": 37.08829060498745, "(3, 20)": 20.1454411716398, "(3, 21)": 22.573978382199268, "(3, 22)": 16.823852115374766, "(3, 23)": 24.381109490751236, "(4, 5)": 28.73639678178181, "(4, 6)": 27.796397248564425, "(4, 7)": 12.52551396151072, "(4, 8)": 35.60012640426997, "(4, 9)": 27.83971982617641, "(4, 10)": 31.813160798638037, "(4, 11)": 33.434959249264836, "(4, 12)": 33.950324004344935, "(4, 13)": 30.375786409573003, "(4, 14)": 32.48704972754528, "(4, 15)": 22.396966312427224, "(4, 16)": 28.868981623881364, "(4, 17)": 33.063426924624736, "(4, 18)": 26.659064124608726, "(4, 19)": 12.24744871391589, "(4, 20)": 28.25512519880243, "(4, 21)": 30.9542921094959, "(4, 22)": 32.81405339180151, "(4, 23)": 24.388960617459695, "(5, 6)": 7.122808434880163, "(5, 7)": 22.777229857908537, "(5, 8)": 11.50940919422018, "(5, 9)": 14.958679754577272, "(5, 10)": 25.611936670232495, "(5, 11)": 17.423260314877925, "(5, 12)": 32.00840514614872, "(5, 13)": 27.340411481907143, "(5, 14)": 32.413578944633684, "(5, 15)": 29.47040210109119, "(5, 16)": 48.55783973778076, "(5, 17)": 46.018788554241624, "(5, 18)": 44.08738821930825, "(5, 19)": 25.912940782551097, "(5, 20)": 17.488887900607057, "(5, 21)": 15.753186979148062, "(5, 22)": 22.129952553044482, "(5, 23)": 18.761132695016045, "(6, 7)": 23.74667555680163, "(6, 8)": 17.959067347721593, "(6, 9)": 18.51297112837375, "(6, 10)": 28.70060800749698, "(6, 11)": 23.750848405899102, "(6, 12)": 33.832700158278826, "(6, 13)": 28.483407450654493, "(6, 14)": 32.658329718465396, "(6, 15)": 31.0445454146135, "(6, 16)": 45.54080148613988, "(6, 17)": 41.856814260046114, "(6, 18)": 43.23303597944517, "(6, 19)": 23.433729963452254, "(6, 20)": 10.595942619701184, "(6, 21)": 9.116605728010837, "(6, 22)": 15.12461569759708, "(6, 23)": 12.480324515011617, "(7, 8)": 29.537872299811983, "(7, 9)": 26.28747420350613, "(7, 10)": 32.963132436102, "(7, 11)": 28.243098271967263, "(7, 12)": 37.731861867657685, "(7, 13)": 34.06400005871301, "(7, 14)": 37.964932503561755, "(7, 15)": 27.450187613202207, "(7, 16)": 41.08702958355593, "(7, 17)": 43.8907382029512, "(7, 18)": 37.39599711199048, "(7, 19)": 20.796357854201297, "(7, 20)": 28.244294999167533, "(7, 21)": 27.78267625697712, "(7, 22)": 31.688240721125556, "(7, 23)": 23.213640386634754, "(8, 9)": 12.850377426363787, "(8, 10)": 21.471269175342197, "(8, 11)": 9.16343276288968, "(8, 12)": 29.056711789189087, "(8, 13)": 25.96531917770317, "(8, 14)": 31.760695836206107, "(8, 15)": 29.53460851272622, "(8, 16)": 54.12695723943847, "(8, 17)": 52.11040778961531, "(8, 18)": 46.74467777191324, "(8, 19)": 32.75315252002469, "(8, 20)": 27.391226697612503, "(8, 21)": 26.583107418057804, "(8, 22)": 32.75589259965297, "(8, 23)": 30.026301803585465, "(9, 10)": 10.653262411111443, "(9, 11)": 11.062608191561338, "(9, 12)": 17.464813196825208, "(9, 13)": 13.712009334885972, "(9, 14)": 19.53845439127671, "(9, 15)": 17.348605131249027, "(9, 16)": 42.287256945798696, "(9, 17)": 40.941712226041545, "(9, 18)": 34.15348444888164, "(9, 19)": 22.839658491317245, "(9, 20)": 24.431670020692405, "(9, 21)": 27.196518159499757, "(9, 22)": 31.88788641475004, "(9, 23)": 27.76368491393028, "(10, 11)": 16.305903838794094, "(10, 12)": 8.099438252125886, "(10, 13)": 7.914796270277587, "(10, 14)": 13.363831785831488, "(10, 15)": 13.030782785389373, "(10, 16)": 40.69797169393089, "(10, 17)": 40.444166452036065, "(10, 18)": 29.771840722400757, "(10, 19)": 26.235037640529505, "(10, 20)": 32.825668310028355, "(10, 21)": 36.91741323549092, "(10, 22)": 40.812205282243696, "(10, 23)": 36.63903655938567, "(11, 12)": 24.40475363530638, "(11, 13)": 22.698909665444287, "(11, 14)": 28.711435004193014, "(11, 15)": 24.07946427975506, "(11, 16)": 51.80955703342772, "(11, 17)": 51.58815077127693, "(11, 18)": 42.34861272816383, "(11, 19)": 31.796171153143582, "(11, 20)": 32.41694618559867, "(11, 21)": 32.83978227698838, "(11, 22)": 38.72192143992857, "(11, 23)": 34.42703153047035, "(12, 13)": 5.848529729769696, "(12, 14)": 7.345699422110871, "(12, 15)": 12.76513219673028, "(12, 16)": 36.57358336285905, "(12, 17)": 36.285949071231414, "(12, 18)": 25.122408324044095, "(12, 19)": 26.842587431169893, "(12, 20)": 35.78939507731305, "(12, 21)": 41.15798950386183, "(12, 22)": 44.00727212632021, "(12, 23)": 40.126566013054244, "(13, 14)": 6.021627686929839, "(13, 15)": 11.92528825647414, "(13, 16)": 34.41935647277561, "(13, 17)": 33.10712008012778, "(13, 18)": 24.792670287808857, "(13, 19)": 22.282019657113672, "(13, 20)": 29.962845325502716, "(13, 21)": 35.495027820808936, "(13, 22)": 38.1852392947851, "(13, 23)": 34.456276641564166, "(14, 15)": 14.068848566958136, "(14, 16)": 31.158563830831486, "(14, 17)": 29.48571518549279, "(14, 18)": 21.81821486739921, "(14, 19)": 23.34969807085308, "(14, 20)": 32.42563954650702, "(14, 21)": 38.78722727909279, "(14, 22)": 40.58584112717143, "(14, 23)": 37.20315846806559, "(15, 16)": 30.186791813639292, "(15, 17)": 33.00986064799426, "(15, 18)": 18.480524884320793, "(15, 19)": 18.32550408583622, "(15, 20)": 33.131196778866894, "(15, 21)": 37.99726700698354, "(15, 22)": 40.898486524564696, "(15, 23)": 34.893602565513355, "(16, 17)": 12.175093428799634, "(16, 18)": 15.121289627541692, "(16, 19)": 23.13910326698077, "(16, 20)": 40.149483184718584, "(16, 21)": 46.960803868758475, "(16, 22)": 45.35694654625684, "(16, 23)": 40.58050147546232, "(17, 18)": 22.40082810969273, "(17, 19)": 23.611230378783734, "(17, 20)": 34.53195187069505, "(17, 21)": 42.05740600655251, "(17, 22)": 39.35290205308879, "(17, 23)": 36.744379161988846, "(18, 19)": 21.849615557258666,