id1,id2,distance
1,2,39.230090491866065
1,3,38.742741255621034
1,4,42.555845661906424
1,5,19.078784028338912
2,1,39.230090491866065
2,3,8.602325267042627
2,4,66.06057825965497
2,5,41.12177038990418
3,1,38.742741255621034
3,2,8.602325267042627
3,4,67.27555276621665
3,5,36.61966684720111
4,1,42.555845661906424
4,2,66.06057825965497
4,3,67.27555276621665
4,5,51.720402163943
5,1,19.078784028338912
5,2,41.12177038990418
5,3,36.61966684720111
5,4,51.720402163943
